CREATE TABLE Eleve (num_etu INT PRIMARY KEY,nom VARCHAR(90), prenom VARCHAR(90), classe VARCHAR(90));
CREATE TABLE Livre (isbn CHAR(14) PRIMARY KEY,siret INT REFERENCES Editeur(siret), titre VARCHAR(300),annee INT);
CREATE TABLE Editeur (siret INT PRIMARY KEY,nom VARCHAR(90));
CREATE TABLE Auteur (a_id INT PRIMARY KEY, nom VARCHAR(200));
CREATE TABLE Ecrire (a_id INT REFERENCES Auteur(a_id), isbn CHAR(14) REFERENCES Livre(isbn), PRIMARY KEY ( a_id , isbn ));
CREATE TABLE Emprunt (isbn CHAR(14) REFERENCES Livre(isbn), num_etu INT REFERENCES Eleve(num_etu), date_ret DATE, PRIMARY KEY (isbn));

INSERT INTO Eleve VALUES (745611421242,"Kennedy","Rama","2-GT4");
INSERT INTO Eleve VALUES (992433877760,"Marti","Lael","2-GT1");
INSERT INTO Eleve VALUES (721263531380,"Bayram","Meghan","2-GT6");
INSERT INTO Eleve VALUES (393475162289,"Leon","Zoe","1-G2");
INSERT INTO Eleve VALUES (506385108913,"van Kempen","Thomas","2-GT1");
INSERT INTO Eleve VALUES (871157811283,"Ramos","MacKenzie","2-GT3");
INSERT INTO Eleve VALUES (251797559091,"de Jongh","Acton","1-G4");
INSERT INTO Eleve VALUES (155377724581,"Yavuz","Malcolm","2-GT3");
INSERT INTO Eleve VALUES (754595592788,"Armstrong","Marsden","2-GT4");
INSERT INTO Eleve VALUES (312835223941,"Borde","Medge","1-G1");
INSERT INTO Eleve VALUES (451409733237,"Beaulieu","Christen","2-GT8");
INSERT INTO Eleve VALUES (182897252663,"Teunissen","Brian","1-G1");
INSERT INTO Eleve VALUES (855899348140,"Scott","Shelby","2-GT4");
INSERT INTO Eleve VALUES (346110679554,"Alvarez","Katell","1-G5");
INSERT INTO Eleve VALUES (756528532423,"Bunschoten","Sarah","1-G5");
INSERT INTO Eleve VALUES (251005653683,"Moore","Quemby","2-GT9");
INSERT INTO Eleve VALUES (213906293155,"Kim","Maris","T-G4");
INSERT INTO Eleve VALUES (997662825959,"van der Meulen","Daniel","2-GT1");
INSERT INTO Eleve VALUES (353025047689,"Akyol","Wallace","2-GT1");
INSERT INTO Eleve VALUES (802273732473,"Cruz","Lacey","1-G4");
INSERT INTO Eleve VALUES (654708443000,"Otten","Lisandra","2-GT8");
INSERT INTO Eleve VALUES (281841813637,"Pfeifer","Hanae","2-GT8");
INSERT INTO Eleve VALUES (166913106005,"Peeters","Mark","T-G2");
INSERT INTO Eleve VALUES (533360042165,"Gün","September","1-G2");
INSERT INTO Eleve VALUES (791352127728,"Molina","Glenna","2-GT1");
INSERT INTO Eleve VALUES (958152373942,"Achthoven","Ivy","1-G2");
INSERT INTO Eleve VALUES (376529583865,"Romeijnders","Sierra","1-G1");
INSERT INTO Eleve VALUES (220194912787,"Ertaş","Isaac","T-G3");
INSERT INTO Eleve VALUES (414023960822,"Pfeiffer","Garrison","2-GT8");
INSERT INTO Eleve VALUES (449837530390,"Soler","Gabriel","2-GT2");
INSERT INTO Eleve VALUES (553487641609,"Schwarz","Melinda","2-GT9");
INSERT INTO Eleve VALUES (979491151578,"Meijer","Lyle","2-GT6");
INSERT INTO Eleve VALUES (348528264282,"Wolff","Farrah","T-G2");
INSERT INTO Eleve VALUES (997665650967,"van Dalen","Dahlia","2-GT8");
INSERT INTO Eleve VALUES (467175404937,"Arias","Barbara","1-G4");
INSERT INTO Eleve VALUES (616454538506,"Arias","Fuller","2-GT1");
INSERT INTO Eleve VALUES (525151202146,"Tunç","Dolan","1-G3");
INSERT INTO Eleve VALUES (748291389170,"Jäger","McKenzie","2-GT8");
INSERT INTO Eleve VALUES (849872835888,"Açıkgöz","William","1-G2");
INSERT INTO Eleve VALUES (770560927964,"Chaput","Ezekiel","1-G3");
INSERT INTO Eleve VALUES (563619642660,"Yazici","Leah","1-G4");
INSERT INTO Eleve VALUES (896390662149,"Schumann","Tyrone","1-G1");
INSERT INTO Eleve VALUES (626913569593,"Peerenboom","Adele","1-G2");
INSERT INTO Eleve VALUES (724041862161,"Müller","Beck","2-GT9");
INSERT INTO Eleve VALUES (594593467215,"Türk","Constance","1-G1");
INSERT INTO Eleve VALUES (578900924838,"Seidel","Morgan","T-G4");
INSERT INTO Eleve VALUES (262749914277,"Allen","Leila","1-G3");
INSERT INTO Eleve VALUES (553377691978,"Timmermans","Ryan","2-GT9");
INSERT INTO Eleve VALUES (298661600234,"Travers","Julie","2-GT6");
INSERT INTO Eleve VALUES (136221964202,"Turan","Fletcher","1-G3");
INSERT INTO Eleve VALUES (552801690429,"Yiğit","Stella","2-GT9");
INSERT INTO Eleve VALUES (371182533147,"Heemskerk","Alfonso","T-G3");
INSERT INTO Eleve VALUES (721917160913,"Wiebe","Gary","2-GT3");
INSERT INTO Eleve VALUES (766913084870,"Chevalier","Harding","2-GT1");
INSERT INTO Eleve VALUES (553142271975,"Miguel","Amery","T-G4");
INSERT INTO Eleve VALUES (343215006324,"Johnston","Davis","2-GT9");
INSERT INTO Eleve VALUES (651439035382,"Clark","Alisa","1-G5");
INSERT INTO Eleve VALUES (707190649994,"Bosma","Quinlan","T-G4");
INSERT INTO Eleve VALUES (508149573984,"Crespo","Sonya","2-GT4");
INSERT INTO Eleve VALUES (858496495126,"Langlais","Vernon","2-GT5");
INSERT INTO Eleve VALUES (199561963280,"Taşdemir","Emery","2-GT2");
INSERT INTO Eleve VALUES (558409658124,"Perreault","Colt","2-GT9");
INSERT INTO Eleve VALUES (698068655098,"Soto","Leonard","1-G5");
INSERT INTO Eleve VALUES (815346174213,"Tuna","Jacqueline","2-GT1");
INSERT INTO Eleve VALUES (532520968889,"Hamilton","Vaughan","2-GT3");
INSERT INTO Eleve VALUES (220850410359,"Fischer","Sydnee","T-G2");
INSERT INTO Eleve VALUES (805576947727,"Bosman","Veronica","T-G4");
INSERT INTO Eleve VALUES (208676899444,"Meyer","Jordan","2-GT5");
INSERT INTO Eleve VALUES (117709177312,"Lemay","Hector","2-GT2");
INSERT INTO Eleve VALUES (116173787103,"Frank","Sasha","2-GT2");
INSERT INTO Eleve VALUES (550494392005,"Ay","Maggy","1-G5");
INSERT INTO Eleve VALUES (872488551969,"Gagnon","Karly","2-GT9");
INSERT INTO Eleve VALUES (238521352824,"Cloutier","Joel","1-G1");
INSERT INTO Eleve VALUES (529288860382,"Bruin","Maite","T-G4");
INSERT INTO Eleve VALUES (925421667182,"Blanco","Davis","1-G2");
INSERT INTO Eleve VALUES (554296263208,"Bedard","Cameran","1-G4");
INSERT INTO Eleve VALUES (171201558977,"Schmitt","Nomlanga","T-G2");
INSERT INTO Eleve VALUES (665784311831,"Pfeifer","Beck","1-G3");
INSERT INTO Eleve VALUES (250669169442,"Claßen","Paul","T-G2");
INSERT INTO Eleve VALUES (593329210236,"Walsh","Amela","1-G5");
INSERT INTO Eleve VALUES (156586267395,"Boonstra","Zenia","2-GT2");
INSERT INTO Eleve VALUES (102739195657,"Klein","Mercedes","T-G3");
INSERT INTO Eleve VALUES (726460670116,"Maler","Myra","2-GT8");
INSERT INTO Eleve VALUES (698801105204,"Göktaş","Rhea","T-G4");
INSERT INTO Eleve VALUES (549975660285,"Harris","Yoko","2-GT6");
INSERT INTO Eleve VALUES (103481104240,"Haanraads","Harrison","2-GT5");
INSERT INTO Eleve VALUES (412330148816,"Hunter","Aurelia","2-GT3");
INSERT INTO Eleve VALUES (632729592829,"Brands","Quinn","2-GT1");
INSERT INTO Eleve VALUES (524603710030,"Nelson","Joshua","1-G5");
INSERT INTO Eleve VALUES (619214665623,"Yavuz","Brady","2-GT8");
INSERT INTO Eleve VALUES (807361941773,"Gil","Alyssa","T-G4");
INSERT INTO Eleve VALUES (495886218644,"Friedmann","Aurelia","T-G3");
INSERT INTO Eleve VALUES (876961043218,"Dubois","Jillian","2-GT3");
INSERT INTO Eleve VALUES (486034027170,"Villenueve","Patience","1-G5");
INSERT INTO Eleve VALUES (420409659344,"Guerrero","Eric","2-GT6");
INSERT INTO Eleve VALUES (861163772763,"Klaver","Arthur","2-GT8");
INSERT INTO Eleve VALUES (974518959248,"Gill","Denise","1-G2");
INSERT INTO Eleve VALUES (504162331234,"Knol","Hamish","1-G3");
INSERT INTO Eleve VALUES (114732576906,"Sarıkaya","Gage","1-G2");
INSERT INTO Eleve VALUES (681779988864,"King","Abel","2-GT8");

INSERT INTO Editeur VALUES (32928527572795,"Dargaud");
INSERT INTO Editeur VALUES (43841184205305,"Presses Pocket");
INSERT INTO Editeur VALUES (85158091068377,"Editions Albert René");
INSERT INTO Editeur VALUES (63417151224070,"Hachette Romans");
INSERT INTO Editeur VALUES (44202861023406,"La Cheminante");
INSERT INTO Editeur VALUES (20544406168689,"Plon");
INSERT INTO Editeur VALUES (66674228241508,"Tiers Livre Éditeur");
INSERT INTO Editeur VALUES (38178506278272,"Glénat BD");
INSERT INTO Editeur VALUES (36538076024651,"Fleurus");
INSERT INTO Editeur VALUES (42685857403340,"BnF collection ebooks");
INSERT INTO Editeur VALUES (49912462106449,"Editions Denoël");
INSERT INTO Editeur VALUES (62204123726699,"Penguin");
INSERT INTO Editeur VALUES (69562786528629,"Houghton Mifflin Harcourt");
INSERT INTO Editeur VALUES (76525595184956,"Le Livre de poche");
INSERT INTO Editeur VALUES (65817302277718,"Seuil Jeunesse");
INSERT INTO Editeur VALUES (93906316585395,"Editions Présence Africaine");
INSERT INTO Editeur VALUES (75354800685212,"BoD - Books on Demand");
INSERT INTO Editeur VALUES (31962645522346,"UPblisher");
INSERT INTO Editeur VALUES (31157006165397,"Glénat");
INSERT INTO Editeur VALUES (81164859094316,"Presses Universitaires de France - PUF");
INSERT INTO Editeur VALUES (12425815905607,"Addison-Wesley Professional");
INSERT INTO Editeur VALUES (27375814920184,"Editions Gallimard");
INSERT INTO Editeur VALUES (31203157135335,"Archipoche");
INSERT INTO Editeur VALUES (81135114166058,"Points");
INSERT INTO Editeur VALUES (94316501319130,"Livre de poche");
INSERT INTO Editeur VALUES (79910975719368,"Bragelonne Classic");
INSERT INTO Editeur VALUES (90017310950748,"French Pulp éditions");
INSERT INTO Editeur VALUES (94185473614513,"Livre de Poche Jeunesse");
INSERT INTO Editeur VALUES (35373422163353,"Le Livre de Poche");
INSERT INTO Editeur VALUES (14761307423957,"adsaa");
INSERT INTO Editeur VALUES (98018004719729,"Les éditions Pulsio");
INSERT INTO Editeur VALUES (97156016060408,"Editions Milan");
INSERT INTO Editeur VALUES (95916525731137,"Éditions Actes Sud");
INSERT INTO Editeur VALUES (20484510567453,"Gallimard Education");
INSERT INTO Editeur VALUES (92178981212637,"Fayard");
INSERT INTO Editeur VALUES (63971439946698,"Bibebook");
INSERT INTO Editeur VALUES (52653908135899,"Carroll & Graf Pub");
INSERT INTO Editeur VALUES (84921737882365,"Flammarion");
INSERT INTO Editeur VALUES (33441130072133,"Simon and Schuster");
INSERT INTO Editeur VALUES (28952989927479,"Belles Lettres");
INSERT INTO Editeur VALUES (10199101014834,"Books LLC, Wiki Series");
INSERT INTO Editeur VALUES (84300062455735,"POL Editeur");
INSERT INTO Editeur VALUES (13967391074678,"Campfire Graphic Novels");
INSERT INTO Editeur VALUES (87683559763880,"Arles [France] : Actes sud");
INSERT INTO Editeur VALUES (63352547645326,"LGF/Le Livre de Poche");
INSERT INTO Editeur VALUES (62389736978326,"Contemporary French Fiction");
INSERT INTO Editeur VALUES (35094999531846,"Greenbooks editore");
INSERT INTO Editeur VALUES (84570361551059,"Editions Humanis");
INSERT INTO Editeur VALUES (90783773481894,"Les Éditions de l'Ebook malin");
INSERT INTO Editeur VALUES (77832524295871,"Bibliothèque russe et slave");
INSERT INTO Editeur VALUES (53313075417632,"Oxford University Press");
INSERT INTO Editeur VALUES (37211221732995,"Grasset");
INSERT INTO Editeur VALUES (60203646109487,"Julliard");
INSERT INTO Editeur VALUES (14097369991059,"Educa Books");
INSERT INTO Editeur VALUES (28453159206824,"Christian Bourgois");
INSERT INTO Editeur VALUES (22632582725181,"Penguin UK");
INSERT INTO Editeur VALUES (14571806867802,"Nathan");
INSERT INTO Editeur VALUES (40537764079175,"Les Editions de Londres");
INSERT INTO Editeur VALUES (63590889186062,"République des Lettres");
INSERT INTO Editeur VALUES (69038940892801,"J'ai Lu");
INSERT INTO Editeur VALUES (81296303494869,"Wordsworth Editions");
INSERT INTO Editeur VALUES (66616890826536,"iMinds Pty Ltd");
INSERT INTO Editeur VALUES (90602912152725,"Robert Laffont");
INSERT INTO Editeur VALUES (12422673675422,"Bragelonne");
INSERT INTO Editeur VALUES (77970915360342,"Presses de la Cité");
INSERT INTO Editeur VALUES (95429373585489,"French & European Publications");
INSERT INTO Editeur VALUES (85331793172970,"Primento");
INSERT INTO Editeur VALUES (15877822495435,"Hatier");
INSERT INTO Editeur VALUES (55443317930175,"FeniXX");
INSERT INTO Editeur VALUES (16140789271962,"New York : Grove Press");

INSERT INTO Livre VALUES ("978-0547249643",69562786528629,"1984",1983);
INSERT INTO Livre VALUES ("978-1153611725",10199101014834,"À la recherche du temps perdu",2010);
INSERT INTO Livre VALUES ("978-2723428262",31157006165397,"Akira",2000);
INSERT INTO Livre VALUES ("978-0132762564",12425815905607,"Algorithms",2011);
INSERT INTO Livre VALUES ("978-2371240087",77832524295871,"Anna Karénine",2018);
INSERT INTO Livre VALUES ("978-2012101562",32928527572795,"Astérix chez les Belges",1979);
INSERT INTO Livre VALUES ("978-2012100084",32928527572795,"Astérix chez les Bretons",2002);
INSERT INTO Livre VALUES ("978-2864972662",85158091068377,"Astérix chez les Pictes",2013);
INSERT INTO Livre VALUES ("978-2012101524",32928527572795,"Astérix en Corse",2005);
INSERT INTO Livre VALUES ("978-2012100060",32928527572795,"Astérix et Cléopâtre",1999);
INSERT INTO Livre VALUES ("978-2864973270",85158091068377,"Astérix et la Transitalique",2017);
INSERT INTO Livre VALUES ("978-2012101418",32928527572795,"Astérix et les Normands",2005);
INSERT INTO Livre VALUES ("978-2012101784",14097369991059,"Astérix légionnaire",2011);
INSERT INTO Livre VALUES ("978-2277118473",69038940892801,"Au carrefour des étoiles",1997);
INSERT INTO Livre VALUES ("978-2267028133",28453159206824,"Beloved",2015);
INSERT INTO Livre VALUES ("978-2070219292",27375814920184,"Berlin Alexanderplatz",1933);
INSERT INTO Livre VALUES ("978-2020238113",62389736978326,"Cent ans de solitude",1995);
INSERT INTO Livre VALUES ("978-2072455162",27375814920184,"Chroniques martiennes",2016);
INSERT INTO Livre VALUES ("978-2290117965",69038940892801,"Contes",2015);
INSERT INTO Livre VALUES ("978-2266006095",43841184205305,"Contes de l'absurde",1978);
INSERT INTO Livre VALUES ("979-1021900486",84570361551059,"Crime et Châtiment",2012);
INSERT INTO Livre VALUES ("978-2207500293",49912462106449,"Croisière sans escale",1990);
INSERT INTO Livre VALUES ("978-2820508935",12422673675422,"Delirium Circus",2013);
INSERT INTO Livre VALUES ("978-2290112168",69038940892801,"Demain les chiens",2015);
INSERT INTO Livre VALUES ("978-2371130418",98018004719729,"Don Quichotte",2016);
INSERT INTO Livre VALUES ("978-1101658055",62204123726699,"Dune",2003);
INSERT INTO Livre VALUES ("978-2251013039",28952989927479,"Énéide",1993);
INSERT INTO Livre VALUES ("978-1439142677",33441130072133,"Fahrenheit 451",2011);
INSERT INTO Livre VALUES ("978-2070366149",20484510567453,"Fictions",1974);
INSERT INTO Livre VALUES ("978-2011179043",63417151224070,"Fifi Brindacier",2013);
INSERT INTO Livre VALUES ("978-2207249123",49912462106449,"Fondation et Empire",1999);
INSERT INTO Livre VALUES ("978-2013230827",94185473614513,"Gargantua et Pantagruel",2009);
INSERT INTO Livre VALUES ("978-2352879183",31203157135335,"Guerre et Paix",2016);
INSERT INTO Livre VALUES ("978-0201914658",12425815905607,"Hacker's Delight",2003);
INSERT INTO Livre VALUES ("978-2806240187",85331793172970,"Hamlet",2012);
INSERT INTO Livre VALUES ("978-2290105504",69038940892801,"Jack Barron et l'Éternité",2016);
INSERT INTO Livre VALUES ("978-2072457388",27375814920184,"Je suis une légende",2013);
INSERT INTO Livre VALUES ("978-2246819554",37211221732995,"L'Amour aux temps du choléra",2009);
INSERT INTO Livre VALUES ("978-2020403436",62389736978326,"L'Aveuglement",2000);
INSERT INTO Livre VALUES ("978-2402282697",55443317930175,"L'Éducation sentimentale",1990);
INSERT INTO Livre VALUES ("978-2072376429",27375814920184,"L'Étranger",2012);
INSERT INTO Livre VALUES ("978-2072457340",27375814920184,"L'Homme qui rétrécit",2017);
INSERT INTO Livre VALUES ("978-2757803691",62389736978326,"L'Homme sans qualités",2011);
INSERT INTO Livre VALUES ("978-2130592150",81164859094316,"L'Homme total",2011);
INSERT INTO Livre VALUES ("978-1911572909",40537764079175,"L'Idiot",2019);
INSERT INTO Livre VALUES ("978-2846825573",84300062455735,"L'Île des morts",2010);
INSERT INTO Livre VALUES ("978-2864972051",14097369991059,"L'Odyssée d'Astérix",2008);
INSERT INTO Livre VALUES ("978-2824902371",63590889186062,"La Conscience de Zeno",2015);
INSERT INTO Livre VALUES ("978-2814510012",66674228241508,"La Couleur tombée du ciel",2014);
INSERT INTO Livre VALUES ("979-1023500448",65817302277718,"La Grande Traversée",2014);
INSERT INTO Livre VALUES ("978-2820511034",79910975719368,"La Main de Zeï",2016);
INSERT INTO Livre VALUES ("978-2221128121",90602912152725,"La Main gauche de la nuit",2012);
INSERT INTO Livre VALUES ("978-2213703848",92178981212637,"La Montagne magique",2016);
INSERT INTO Livre VALUES ("978-2081364509",84921737882365,"La Mort d'Ivan Ilitch",2015);
INSERT INTO Livre VALUES ("978-2331035531",38178506278272,"La Naissance des dieux",2017);
INSERT INTO Livre VALUES ("978-2258116429",77970915360342,"La Nuit des temps",2014);
INSERT INTO Livre VALUES ("978-2402255462",55443317930175,"La Plaie",1967);
INSERT INTO Livre VALUES ("978-2260019183",60203646109487,"La Planète des singes",2011);
INSERT INTO Livre VALUES ("978-2253031536",63352547645326,"La Promenade au phare",1983);
INSERT INTO Livre VALUES ("978-2070315017",27375814920184,"La storia",2004);
INSERT INTO Livre VALUES ("978-2757820919",62389736978326,"Le Berceau du chat",2010);
INSERT INTO Livre VALUES ("978-2070361625",20484510567453,"Le Bruit et la Fureur",1972);
INSERT INTO Livre VALUES ("978-2012101531",14097369991059,"Le Cadeau de César",2005);
INSERT INTO Livre VALUES ("978-2253025320",76525595184956,"Le Carnet d'or",1980);
INSERT INTO Livre VALUES ("978-2757827413",81135114166058,"Le Château",2011);
INSERT INTO Livre VALUES ("978-2221216361",90602912152725,"Le Château de Lord Valentin",2017);
INSERT INTO Livre VALUES ("978-2012101517",14097369991059,"Le Devin",2010);
INSERT INTO Livre VALUES ("978-0785909903",95429373585489,"Le Domaine des dieux",1992);
INSERT INTO Livre VALUES ("978-2258116405",77970915360342,"Le Grand secret",2014);
INSERT INTO Livre VALUES ("978-2824709420",63971439946698,"Le Journal d'un fou",2013);
INSERT INTO Livre VALUES ("978-2290157268",69038940892801,"Le Maître du Haut Château",2017);
INSERT INTO Livre VALUES ("978-2259221702",20544406168689,"Le Meilleur des mondes",2013);
INSERT INTO Livre VALUES ("978-2708701915",93906316585395,"Le monde s'effondre",1972);
INSERT INTO Livre VALUES ("978-2253062820",94316501319130,"Le Noir Dessein",1998);
INSERT INTO Livre VALUES ("978-2864972716",85158091068377,"Le Papyrus de César",2015);
INSERT INTO Livre VALUES ("978-2806231697",85331793172970,"Le Père Goriot",2012);
INSERT INTO Livre VALUES ("978-2081351981",84921737882365,"Le Procès",2014);
INSERT INTO Livre VALUES ("978-2330052768",95916525731137,"Le Roi Lear",2015);
INSERT INTO Livre VALUES ("978-2367881171",90783773481894,"Le Rouge et le Noir",1971);
INSERT INTO Livre VALUES ("978-2020314305",62389736978326,"Le Tambour",1997);
INSERT INTO Livre VALUES ("978-2221119709",90602912152725,"Le Temps incertain",2011);
INSERT INTO Livre VALUES ("978-2012101685",14097369991059,"Le Tour de Gaule d'Astérix",2007);
INSERT INTO Livre VALUES ("978-2346014453",42685857403340,"Le Vagabond",2016);
INSERT INTO Livre VALUES ("978-2072762093",27375814920184,"Le Vieil Homme et la Mer",2018);
INSERT INTO Livre VALUES ("978-2072535031",27375814920184,"Le Voyageur imprudent",2014);
INSERT INTO Livre VALUES ("978-2371240001",77832524295871,"Les Âmes mortes",2018);
INSERT INTO Livre VALUES ("978-2081509511",84921737882365,"Les Aventures de Huckleberry Finn",2020);
INSERT INTO Livre VALUES ("978-2253063193",63352547645326,"Les Buddenbrook",1993);
INSERT INTO Livre VALUES ("978-2070406340",20484510567453,"Les Contes de Canterbury",2000);
INSERT INTO Livre VALUES ("978-2070402632",20484510567453,"Les Enfants de minuit",2010);
INSERT INTO Livre VALUES ("978-2742744824",87683559763880,"Les Fils de la Médina",2003);
INSERT INTO Livre VALUES ("978-2371131118",98018004719729,"Les Frères Karamazov",2016);
INSERT INTO Livre VALUES ("978-2322185801",75354800685212,"Les Grandes Espérances",2019);
INSERT INTO Livre VALUES ("978-2253174561",35373422163353,"Les Hauts de Hurlevent",2012);
INSERT INTO Livre VALUES ("978-2402281775",55443317930175,"Les Jeux de l'esprit",1971);
INSERT INTO Livre VALUES ("978-2012101500",14097369991059,"Les Lauriers de César",2008);
INSERT INTO Livre VALUES ("978-2253158677",35373422163353,"Les Métamorphoses",2011);
INSERT INTO Livre VALUES ("978-2221197691",90602912152725,"Les Monades urbaines",2016);
INSERT INTO Livre VALUES ("000-0000000162",14761307423957,"Les Plus qu'humains",1999);
INSERT INTO Livre VALUES ("978-2745989857",97156016060408,"Les Robots",2017);
INSERT INTO Livre VALUES ("978-2221119693",90602912152725,"Les Singes du temps",2011);
INSERT INTO Livre VALUES ("978-2335008586",85331793172970,"Les Voyages de Gulliver",2015);
INSERT INTO Livre VALUES ("978-0141391601",22632582725181,"Lolita",2012);
INSERT INTO Livre VALUES ("978-2759902293",31962645522346,"Madame Bovary",2016);
INSERT INTO Livre VALUES ("978-2218972324",15877822495435,"Médée",2013);
INSERT INTO Livre VALUES ("978-2070369218",20484510567453,"Mémoires d'Hadrien",1974);
INSERT INTO Livre VALUES ("978-1853262371",81296303494869,"Middlemarch",1994);
INSERT INTO Livre VALUES ("978-8190732673",13967391074678,"Moby Dick",2010);
INSERT INTO Livre VALUES ("978-2081358881",84921737882365,"Mrs Dalloway",2015);
INSERT INTO Livre VALUES ("979-1025100639",90017310950748,"Niourk",2018);
INSERT INTO Livre VALUES ("978-0199555918",53313075417632,"Nostromo",2009);
INSERT INTO Livre VALUES ("978-2012101555",14097369991059,"Obélix et Compagnie",2008);
INSERT INTO Livre VALUES ("978-2290080207",69038940892801,"Œdipe roi",2013);
INSERT INTO Livre VALUES ("978-2215130475",36538076024651,"Orgueil et Préjugés",2015);
INSERT INTO Livre VALUES ("978-2824904269",63590889186062,"Par-delà le mur du sommeil",2018);
INSERT INTO Livre VALUES ("000-0000000069",16140789271962,"Pedro Páramo",1959);
INSERT INTO Livre VALUES ("978-1921746864",66616890826536,"Polymath",2014);
INSERT INTO Livre VALUES ("978-2072534911",27375814920184,"Ravage",2014);
INSERT INTO Livre VALUES ("978-8832957402",35094999531846,"Romancero gitano",2020);
INSERT INTO Livre VALUES ("978-2371270060",44202861023406,"Sécheresse",2014);
INSERT INTO Livre VALUES ("000-0000000097",14761307423957,"Seconde Fondation",1979);
INSERT INTO Livre VALUES ("978-2072487958",27375814920184,"Seigneur de lumière",2014);
INSERT INTO Livre VALUES ("978-0321635747",12425815905607,"The Art of Computer Programming",1997);
INSERT INTO Livre VALUES ("978-0201615869",12425815905607,"The Practice of Programming",1999);
INSERT INTO Livre VALUES ("978-0547728247",69562786528629,"Ubik",2012);
INSERT INTO Livre VALUES ("978-2092532195",14571806867802,"Ulysse",2012);
INSERT INTO Livre VALUES ("978-2330068349",95916525731137,"Une maison de poupée",2016);
INSERT INTO Livre VALUES ("978-0881844221",52653908135899,"Vermilion Sands",1988);

INSERT INTO Auteur VALUES (0,"Vladimir Nabokov");
INSERT INTO Auteur VALUES (1,"William Shakespeare");
INSERT INTO Auteur VALUES (2,"Olivier-Marc Nadel");
INSERT INTO Auteur VALUES (3,"Ursula LE GUIN");
INSERT INTO Auteur VALUES (4,"Franz Kafka");
INSERT INTO Auteur VALUES (5,"Dim D.");
INSERT INTO Auteur VALUES (6,"Doris Lessing");
INSERT INTO Auteur VALUES (7,"René BARJAVEL");
INSERT INTO Auteur VALUES (8,"Pierre BOULLE");
INSERT INTO Auteur VALUES (9,"Corneille");
INSERT INTO Auteur VALUES (10,"Chinua Achebe");
INSERT INTO Auteur VALUES (11,"Donald E. Knuth");
INSERT INTO Auteur VALUES (12,"Pierre Pelot");
INSERT INTO Auteur VALUES (13,"Charles Dickens");
INSERT INTO Auteur VALUES (14,"Fiodor Dostoïevski");
INSERT INTO Auteur VALUES (15,"Juan Rulfo");
INSERT INTO Auteur VALUES (16,"Jonathan Swift");
INSERT INTO Auteur VALUES (17,"Léon Tolstoï");
INSERT INTO Auteur VALUES (18,"Dostoïevski Fiodor");
INSERT INTO Auteur VALUES (19,"Didier Conrad");
INSERT INTO Auteur VALUES (20,"Nikolaï Gogol");
INSERT INTO Auteur VALUES (21,"Henry S. Warren");
INSERT INTO Auteur VALUES (22,"William Faulkner");
INSERT INTO Auteur VALUES (23,"H. P. Lovecraft");
INSERT INTO Auteur VALUES (24,"Jean-Yves Ferri");
INSERT INTO Auteur VALUES (25,"Marguerite Yourcenar");
INSERT INTO Auteur VALUES (26,"Mark Twain");
INSERT INTO Auteur VALUES (27,"Didier Poli");
INSERT INTO Auteur VALUES (28,"Clotilde Bruneau");
INSERT INTO Auteur VALUES (29,"George Orwell");
INSERT INTO Auteur VALUES (30,"Salman Rushdie");
INSERT INTO Auteur VALUES (31,"Philip K. Dick");
INSERT INTO Auteur VALUES (32,"Jacob Grimm");
INSERT INTO Auteur VALUES (33,"Source Wikipedia");
INSERT INTO Auteur VALUES (34,"Goscinny");
INSERT INTO Auteur VALUES (35,"Alfred Döblin");
INSERT INTO Auteur VALUES (36,"Clifford D. Simak");
INSERT INTO Auteur VALUES (37,"Pierre Boulle");
INSERT INTO Auteur VALUES (38,"Guy de Maupassant");
INSERT INTO Auteur VALUES (39,"Michel Deutsch");
INSERT INTO Auteur VALUES (40,"Gabriel García Márquez");
INSERT INTO Auteur VALUES (41,"Rob Pike");
INSERT INTO Auteur VALUES (42,"Henrik Ibsen");
INSERT INTO Auteur VALUES (43,"Rene Gascony");
INSERT INTO Auteur VALUES (44,"Gustave Flaubert");
INSERT INTO Auteur VALUES (45,"iMinds");
INSERT INTO Auteur VALUES (46,"Thomas Mann");
INSERT INTO Auteur VALUES (47,"Roger Zelazny");
INSERT INTO Auteur VALUES (48,"Philip José Farmer");
INSERT INTO Auteur VALUES (49,"Katsuhiro Ōtomo");
INSERT INTO Auteur VALUES (50,"Hélène Montardre");
INSERT INTO Auteur VALUES (51,"Jorge Luis Borges");
INSERT INTO Auteur VALUES (52,"Isaac Asimov");
INSERT INTO Auteur VALUES (53,"Lyon Sprague de Camp");
INSERT INTO Auteur VALUES (54,"Günter Grass");
INSERT INTO Auteur VALUES (55,"Virginia Woolf");
INSERT INTO Auteur VALUES (56,"Ernest Hemingway");
INSERT INTO Auteur VALUES (57,"Albert Uderzo");
INSERT INTO Auteur VALUES (58,"Albert Camus");
INSERT INTO Auteur VALUES (59,"Sébastien Touache");
INSERT INTO Auteur VALUES (60,"Gabriel Garcia Márquez");
INSERT INTO Auteur VALUES (61,"Howard Phillips Lovecraft");
INSERT INTO Auteur VALUES (62,"Astrid Lindgren");
INSERT INTO Auteur VALUES (63,"Luc Ferry");
INSERT INTO Auteur VALUES (64,"Michel JEURY");
INSERT INTO Auteur VALUES (65,"Geoffrey Chaucer");
INSERT INTO Auteur VALUES (66,"Miguel de Cervantes");
INSERT INTO Auteur VALUES (67,"Richard Matheson");
INSERT INTO Auteur VALUES (68,"Ovide");
INSERT INTO Auteur VALUES (69,"Brian W. Kernighan");
INSERT INTO Auteur VALUES (70,"Stefan Wul");
INSERT INTO Auteur VALUES (71,"George Eliot");
INSERT INTO Auteur VALUES (72,"Agathe Demois");
INSERT INTO Auteur VALUES (73,"Frank Herbert");
INSERT INTO Auteur VALUES (74,"Ligaran,");
INSERT INTO Auteur VALUES (75,"Robert Musil");
INSERT INTO Auteur VALUES (76,"Brian Wilson Aldiss");
INSERT INTO Auteur VALUES (77,"Malick Fall");
INSERT INTO Auteur VALUES (78,"Kurt Vonnegut");
INSERT INTO Auteur VALUES (79,"René Barjavel");
INSERT INTO Auteur VALUES (80,"J. G. Ballard");
INSERT INTO Auteur VALUES (81,"Naǧīb Maḥfūẓ");
INSERT INTO Auteur VALUES (82,"Gérard Chenet");
INSERT INTO Auteur VALUES (83,"Federico Santagati");
INSERT INTO Auteur VALUES (84,"Wilhelm Grimm");
INSERT INTO Auteur VALUES (85,"Federico Garcia Lorca");
INSERT INTO Auteur VALUES (86,"Herman Melville");
INSERT INTO Auteur VALUES (87,"Publius Maro Vergilius");
INSERT INTO Auteur VALUES (88,"Stendhal");
INSERT INTO Auteur VALUES (89,"Kevin Wayne");
INSERT INTO Auteur VALUES (90,"Elsa Morante");
INSERT INTO Auteur VALUES (91,"René Goscinny");
INSERT INTO Auteur VALUES (92,"Virgile");
INSERT INTO Auteur VALUES (93,"Ray Bradbury");
INSERT INTO Auteur VALUES (94,"Jane Austen");
INSERT INTO Auteur VALUES (95,"Robert SILVERBERG");
INSERT INTO Auteur VALUES (96,"José Saramago");
INSERT INTO Auteur VALUES (97,"François Rabelais");
INSERT INTO Auteur VALUES (98,"Emily Brontë");
INSERT INTO Auteur VALUES (99,"Joseph Conrad");
INSERT INTO Auteur VALUES (100,"France Fransa");
INSERT INTO Auteur VALUES (101,"Sophocle");
INSERT INTO Auteur VALUES (102,"Fédor Mikhaïlovitch Dostoïevski");
INSERT INTO Auteur VALUES (103,"Nikolai Gogol");
INSERT INTO Auteur VALUES (104,"Italo Svevo");
INSERT INTO Auteur VALUES (105,"Johan Faerber");
INSERT INTO Auteur VALUES (106,"Jean Frémon");
INSERT INTO Auteur VALUES (107,"Toni Morrison");
INSERT INTO Auteur VALUES (108,"Rene Goscinny");
INSERT INTO Auteur VALUES (109,"Myriam Martelle");
INSERT INTO Auteur VALUES (110,"Norman Spinrad");
INSERT INTO Auteur VALUES (111,"Honoré de Balzac");
INSERT INTO Auteur VALUES (112,"Robert Sedgewick");
INSERT INTO Auteur VALUES (113,"Bruno Karsenti");
INSERT INTO Auteur VALUES (114,"Michel Laporte");
INSERT INTO Auteur VALUES (115,"Dominique Rincé");
INSERT INTO Auteur VALUES (116,"Aldous HUXLEY");
INSERT INTO Auteur VALUES (117,"Olivier Py");
INSERT INTO Auteur VALUES (118,"Vincent Godeau");

INSERT INTO Ecrire VALUES (29,"978-0547249643");
INSERT INTO Ecrire VALUES (33,"978-1153611725");
INSERT INTO Ecrire VALUES (49,"978-2723428262");
INSERT INTO Ecrire VALUES (112,"978-0132762564");
INSERT INTO Ecrire VALUES (89,"978-0132762564");
INSERT INTO Ecrire VALUES (17,"978-2371240087");
INSERT INTO Ecrire VALUES (91,"978-2012101562");
INSERT INTO Ecrire VALUES (57,"978-2012101562");
INSERT INTO Ecrire VALUES (91,"978-2012100084");
INSERT INTO Ecrire VALUES (57,"978-2012100084");
INSERT INTO Ecrire VALUES (91,"978-2864972662");
INSERT INTO Ecrire VALUES (24,"978-2864972662");
INSERT INTO Ecrire VALUES (57,"978-2864972662");
INSERT INTO Ecrire VALUES (19,"978-2864972662");
INSERT INTO Ecrire VALUES (34,"978-2012101524");
INSERT INTO Ecrire VALUES (57,"978-2012101524");
INSERT INTO Ecrire VALUES (91,"978-2012100060");
INSERT INTO Ecrire VALUES (57,"978-2012100060");
INSERT INTO Ecrire VALUES (24,"978-2864973270");
INSERT INTO Ecrire VALUES (91,"978-2012101418");
INSERT INTO Ecrire VALUES (57,"978-2012101418");
INSERT INTO Ecrire VALUES (91,"978-2012101784");
INSERT INTO Ecrire VALUES (57,"978-2012101784");
INSERT INTO Ecrire VALUES (36,"978-2277118473");
INSERT INTO Ecrire VALUES (39,"978-2277118473");
INSERT INTO Ecrire VALUES (107,"978-2267028133");
INSERT INTO Ecrire VALUES (35,"978-2070219292");
INSERT INTO Ecrire VALUES (40,"978-2020238113");
INSERT INTO Ecrire VALUES (93,"978-2072455162");
INSERT INTO Ecrire VALUES (32,"978-2290117965");
INSERT INTO Ecrire VALUES (84,"978-2290117965");
INSERT INTO Ecrire VALUES (37,"978-2266006095");
INSERT INTO Ecrire VALUES (102,"979-1021900486");
INSERT INTO Ecrire VALUES (76,"978-2207500293");
INSERT INTO Ecrire VALUES (12,"978-2820508935");
INSERT INTO Ecrire VALUES (36,"978-2290112168");
INSERT INTO Ecrire VALUES (66,"978-2371130418");
INSERT INTO Ecrire VALUES (73,"978-1101658055");
INSERT INTO Ecrire VALUES (87,"978-2251013039");
INSERT INTO Ecrire VALUES (92,"978-2251013039");
INSERT INTO Ecrire VALUES (93,"978-1439142677");
INSERT INTO Ecrire VALUES (51,"978-2070366149");
INSERT INTO Ecrire VALUES (62,"978-2011179043");
INSERT INTO Ecrire VALUES (52,"978-2207249123");
INSERT INTO Ecrire VALUES (97,"978-2013230827");
INSERT INTO Ecrire VALUES (114,"978-2013230827");
INSERT INTO Ecrire VALUES (2,"978-2013230827");
INSERT INTO Ecrire VALUES (17,"978-2352879183");
INSERT INTO Ecrire VALUES (21,"978-0201914658");
INSERT INTO Ecrire VALUES (1,"978-2806240187");
INSERT INTO Ecrire VALUES (110,"978-2290105504");
INSERT INTO Ecrire VALUES (67,"978-2072457388");
INSERT INTO Ecrire VALUES (60,"978-2246819554");
INSERT INTO Ecrire VALUES (96,"978-2020403436");
INSERT INTO Ecrire VALUES (115,"978-2402282697");
INSERT INTO Ecrire VALUES (58,"978-2072376429");
INSERT INTO Ecrire VALUES (67,"978-2072457340");
INSERT INTO Ecrire VALUES (75,"978-2757803691");
INSERT INTO Ecrire VALUES (113,"978-2130592150");
INSERT INTO Ecrire VALUES (18,"978-1911572909");
INSERT INTO Ecrire VALUES (106,"978-2846825573");
INSERT INTO Ecrire VALUES (43,"978-2864972051");
INSERT INTO Ecrire VALUES (57,"978-2864972051");
INSERT INTO Ecrire VALUES (104,"978-2824902371");
INSERT INTO Ecrire VALUES (61,"978-2814510012");
INSERT INTO Ecrire VALUES (72,"979-1023500448");
INSERT INTO Ecrire VALUES (118,"979-1023500448");
INSERT INTO Ecrire VALUES (53,"978-2820511034");
INSERT INTO Ecrire VALUES (3,"978-2221128121");
INSERT INTO Ecrire VALUES (46,"978-2213703848");
INSERT INTO Ecrire VALUES (17,"978-2081364509");
INSERT INTO Ecrire VALUES (28,"978-2331035531");
INSERT INTO Ecrire VALUES (5,"978-2331035531");
INSERT INTO Ecrire VALUES (83,"978-2331035531");
INSERT INTO Ecrire VALUES (63,"978-2331035531");
INSERT INTO Ecrire VALUES (27,"978-2331035531");
INSERT INTO Ecrire VALUES (7,"978-2258116429");
INSERT INTO Ecrire VALUES (77,"978-2402255462");
INSERT INTO Ecrire VALUES (8,"978-2260019183");
INSERT INTO Ecrire VALUES (55,"978-2253031536");
INSERT INTO Ecrire VALUES (90,"978-2070315017");
INSERT INTO Ecrire VALUES (78,"978-2757820919");
INSERT INTO Ecrire VALUES (22,"978-2070361625");
INSERT INTO Ecrire VALUES (91,"978-2012101531");
INSERT INTO Ecrire VALUES (57,"978-2012101531");
INSERT INTO Ecrire VALUES (6,"978-2253025320");
INSERT INTO Ecrire VALUES (4,"978-2757827413");
INSERT INTO Ecrire VALUES (95,"978-2221216361");
INSERT INTO Ecrire VALUES (91,"978-2012101517");
INSERT INTO Ecrire VALUES (57,"978-2012101517");
INSERT INTO Ecrire VALUES (108,"978-0785909903");
INSERT INTO Ecrire VALUES (57,"978-0785909903");
INSERT INTO Ecrire VALUES (7,"978-2258116405");
INSERT INTO Ecrire VALUES (103,"978-2824709420");
INSERT INTO Ecrire VALUES (31,"978-2290157268");
INSERT INTO Ecrire VALUES (116,"978-2259221702");
INSERT INTO Ecrire VALUES (10,"978-2708701915");
INSERT INTO Ecrire VALUES (48,"978-2253062820");
INSERT INTO Ecrire VALUES (24,"978-2864972716");
INSERT INTO Ecrire VALUES (111,"978-2806231697");
INSERT INTO Ecrire VALUES (4,"978-2081351981");
INSERT INTO Ecrire VALUES (117,"978-2330052768");
INSERT INTO Ecrire VALUES (1,"978-2330052768");
INSERT INTO Ecrire VALUES (88,"978-2367881171");
INSERT INTO Ecrire VALUES (54,"978-2020314305");
INSERT INTO Ecrire VALUES (64,"978-2221119709");
INSERT INTO Ecrire VALUES (91,"978-2012101685");
INSERT INTO Ecrire VALUES (57,"978-2012101685");
INSERT INTO Ecrire VALUES (38,"978-2346014453");
INSERT INTO Ecrire VALUES (56,"978-2072762093");
INSERT INTO Ecrire VALUES (79,"978-2072535031");
INSERT INTO Ecrire VALUES (20,"978-2371240001");
INSERT INTO Ecrire VALUES (26,"978-2081509511");
INSERT INTO Ecrire VALUES (46,"978-2253063193");
INSERT INTO Ecrire VALUES (65,"978-2070406340");
INSERT INTO Ecrire VALUES (30,"978-2070402632");
INSERT INTO Ecrire VALUES (81,"978-2742744824");
INSERT INTO Ecrire VALUES (14,"978-2371131118");
INSERT INTO Ecrire VALUES (13,"978-2322185801");
INSERT INTO Ecrire VALUES (98,"978-2253174561");
INSERT INTO Ecrire VALUES (37,"978-2402281775");
INSERT INTO Ecrire VALUES (91,"978-2012101500");
INSERT INTO Ecrire VALUES (57,"978-2012101500");
INSERT INTO Ecrire VALUES (68,"978-2253158677");
INSERT INTO Ecrire VALUES (95,"978-2221197691");
INSERT INTO Ecrire VALUES (100,"000-0000000162");
INSERT INTO Ecrire VALUES (109,"978-2745989857");
INSERT INTO Ecrire VALUES (59,"978-2745989857");
INSERT INTO Ecrire VALUES (64,"978-2221119693");
INSERT INTO Ecrire VALUES (16,"978-2335008586");
INSERT INTO Ecrire VALUES (74,"978-2335008586");
INSERT INTO Ecrire VALUES (0,"978-0141391601");
INSERT INTO Ecrire VALUES (44,"978-2759902293");
INSERT INTO Ecrire VALUES (9,"978-2218972324");
INSERT INTO Ecrire VALUES (105,"978-2218972324");
INSERT INTO Ecrire VALUES (25,"978-2070369218");
INSERT INTO Ecrire VALUES (71,"978-1853262371");
INSERT INTO Ecrire VALUES (86,"978-8190732673");
INSERT INTO Ecrire VALUES (55,"978-2081358881");
INSERT INTO Ecrire VALUES (70,"979-1025100639");
INSERT INTO Ecrire VALUES (99,"978-0199555918");
INSERT INTO Ecrire VALUES (91,"978-2012101555");
INSERT INTO Ecrire VALUES (57,"978-2012101555");
INSERT INTO Ecrire VALUES (101,"978-2290080207");
INSERT INTO Ecrire VALUES (94,"978-2215130475");
INSERT INTO Ecrire VALUES (23,"978-2824904269");
INSERT INTO Ecrire VALUES (15,"000-0000000069");
INSERT INTO Ecrire VALUES (45,"978-1921746864");
INSERT INTO Ecrire VALUES (79,"978-2072534911");
INSERT INTO Ecrire VALUES (85,"978-8832957402");
INSERT INTO Ecrire VALUES (82,"978-2371270060");
INSERT INTO Ecrire VALUES (52,"000-0000000097");
INSERT INTO Ecrire VALUES (47,"978-2072487958");
INSERT INTO Ecrire VALUES (11,"978-0321635747");
INSERT INTO Ecrire VALUES (69,"978-0201615869");
INSERT INTO Ecrire VALUES (41,"978-0201615869");
INSERT INTO Ecrire VALUES (31,"978-0547728247");
INSERT INTO Ecrire VALUES (50,"978-2092532195");
INSERT INTO Ecrire VALUES (42,"978-2330068349");
INSERT INTO Ecrire VALUES (80,"978-0881844221");

INSERT INTO Emprunt VALUES ("978-1153611725",182897252663,"2023-01-09");
INSERT INTO Emprunt VALUES ("978-0132762564",721917160913,"2023-01-26");
INSERT INTO Emprunt VALUES ("978-2371240087",393475162289,"2022-11-20");
INSERT INTO Emprunt VALUES ("978-2864972662",156586267395,"2022-12-31");
INSERT INTO Emprunt VALUES ("978-2012101524",103481104240,"2022-12-22");
INSERT INTO Emprunt VALUES ("978-2012100060",707190649994,"2023-02-23");
INSERT INTO Emprunt VALUES ("978-2864973270",979491151578,"2022-11-20");
INSERT INTO Emprunt VALUES ("978-2012101784",102739195657,"2023-02-16");
INSERT INTO Emprunt VALUES ("978-2277118473",958152373942,"2023-02-26");
INSERT INTO Emprunt VALUES ("978-2267028133",896390662149,"2023-02-12");
INSERT INTO Emprunt VALUES ("978-2020238113",563619642660,"2022-11-04");
INSERT INTO Emprunt VALUES ("978-2290117965",756528532423,"2023-02-16");
INSERT INTO Emprunt VALUES ("978-2820508935",549975660285,"2022-11-10");
INSERT INTO Emprunt VALUES ("978-2290112168",199561963280,"2022-12-31");
INSERT INTO Emprunt VALUES ("978-2371130418",524603710030,"2023-02-15");
INSERT INTO Emprunt VALUES ("978-1101658055",213906293155,"2023-02-17");
INSERT INTO Emprunt VALUES ("978-2251013039",182897252663,"2023-02-21");
INSERT INTO Emprunt VALUES ("978-1439142677",529288860382,"2023-01-14");
INSERT INTO Emprunt VALUES ("978-2070366149",208676899444,"2022-12-22");
INSERT INTO Emprunt VALUES ("978-2011179043",997665650967,"2023-02-22");
INSERT INTO Emprunt VALUES ("978-2207249123",632729592829,"2023-01-23");
INSERT INTO Emprunt VALUES ("978-2352879183",524603710030,"2022-11-11");
INSERT INTO Emprunt VALUES ("978-0201914658",619214665623,"2022-12-27");
INSERT INTO Emprunt VALUES ("978-2806240187",616454538506,"2022-12-22");
INSERT INTO Emprunt VALUES ("978-2290105504",451409733237,"2022-11-06");
INSERT INTO Emprunt VALUES ("978-2246819554",312835223941,"2022-11-28");
INSERT INTO Emprunt VALUES ("978-2020403436",262749914277,"2023-01-28");
INSERT INTO Emprunt VALUES ("978-2402282697",626913569593,"2022-12-31");
INSERT INTO Emprunt VALUES ("978-2072376429",114732576906,"2023-02-12");
INSERT INTO Emprunt VALUES ("978-2072457340",724041862161,"2023-02-21");
INSERT INTO Emprunt VALUES ("978-2757803691",220850410359,"2022-11-06");
INSERT INTO Emprunt VALUES ("978-2864972051",553487641609,"2023-02-27");
INSERT INTO Emprunt VALUES ("978-2814510012",858496495126,"2023-01-23");
INSERT INTO Emprunt VALUES ("979-1023500448",707190649994,"2023-02-27");
INSERT INTO Emprunt VALUES ("978-2221128121",861163772763,"2022-11-25");
INSERT INTO Emprunt VALUES ("978-2213703848",343215006324,"2023-02-17");
INSERT INTO Emprunt VALUES ("978-2081364509",156586267395,"2022-11-20");
INSERT INTO Emprunt VALUES ("978-2258116429",208676899444,"2022-11-13");
INSERT INTO Emprunt VALUES ("978-2402255462",414023960822,"2023-01-04");
INSERT INTO Emprunt VALUES ("978-2253031536",525151202146,"2023-02-23");
INSERT INTO Emprunt VALUES ("978-2757820919",451409733237,"2022-12-20");
INSERT INTO Emprunt VALUES ("978-2070361625",114732576906,"2022-11-20");
INSERT INTO Emprunt VALUES ("978-2012101531",553142271975,"2023-02-15");
INSERT INTO Emprunt VALUES ("978-2253025320",681779988864,"2022-11-06");
INSERT INTO Emprunt VALUES ("978-2757827413",748291389170,"2023-01-04");
INSERT INTO Emprunt VALUES ("978-0785909903",412330148816,"2023-01-14");
INSERT INTO Emprunt VALUES ("978-2258116405",213906293155,"2023-02-17");
INSERT INTO Emprunt VALUES ("978-2824709420",298661600234,"2022-11-04");
INSERT INTO Emprunt VALUES ("978-2290157268",616454538506,"2023-02-11");
INSERT INTO Emprunt VALUES ("978-2708701915",974518959248,"2022-12-20");
INSERT INTO Emprunt VALUES ("978-2253062820",997665650967,"2022-12-07");
INSERT INTO Emprunt VALUES ("978-2864972716",467175404937,"2022-12-31");
INSERT INTO Emprunt VALUES ("978-2081351981",449837530390,"2023-02-22");
INSERT INTO Emprunt VALUES ("978-2367881171",348528264282,"2023-02-21");
INSERT INTO Emprunt VALUES ("978-2020314305",554296263208,"2023-02-12");
INSERT INTO Emprunt VALUES ("978-2221119709",594593467215,"2022-11-06");
INSERT INTO Emprunt VALUES ("978-2012101685",213906293155,"2023-02-12");
INSERT INTO Emprunt VALUES ("978-2346014453",626913569593,"2022-12-17");
INSERT INTO Emprunt VALUES ("978-2072762093",552801690429,"2022-12-07");
INSERT INTO Emprunt VALUES ("978-2072535031",619214665623,"2023-02-16");
INSERT INTO Emprunt VALUES ("978-2371240001",136221964202,"2022-11-28");
INSERT INTO Emprunt VALUES ("978-2081509511",102739195657,"2023-01-14");
INSERT INTO Emprunt VALUES ("978-2253063193",220850410359,"2023-02-21");
INSERT INTO Emprunt VALUES ("978-2070402632",166913106005,"2022-12-22");
INSERT INTO Emprunt VALUES ("978-2742744824",155377724581,"2023-01-23");
INSERT INTO Emprunt VALUES ("978-2371131118",855899348140,"2023-02-12");
INSERT INTO Emprunt VALUES ("978-2402281775",594593467215,"2023-01-31");
INSERT INTO Emprunt VALUES ("978-2012101500",550494392005,"2023-02-16");
INSERT INTO Emprunt VALUES ("978-2221197691",213906293155,"2023-01-26");
INSERT INTO Emprunt VALUES ("978-2221119693",593329210236,"2022-12-07");
INSERT INTO Emprunt VALUES ("978-2335008586",199561963280,"2022-11-20");
INSERT INTO Emprunt VALUES ("978-0141391601",549975660285,"2023-02-27");
INSERT INTO Emprunt VALUES ("978-2759902293",858496495126,"2023-01-23");
INSERT INTO Emprunt VALUES ("978-8190732673",353025047689,"2023-02-05");
INSERT INTO Emprunt VALUES ("979-1025100639",495886218644,"2023-01-09");
INSERT INTO Emprunt VALUES ("978-2012101555",896390662149,"2023-02-12");
INSERT INTO Emprunt VALUES ("978-2290080207",553142271975,"2022-11-02");
INSERT INTO Emprunt VALUES ("978-2215130475",552801690429,"2022-12-17");
INSERT INTO Emprunt VALUES ("000-0000000069",815346174213,"2023-02-23");
INSERT INTO Emprunt VALUES ("978-1921746864",495886218644,"2022-11-04");
INSERT INTO Emprunt VALUES ("978-2072534911",171201558977,"2022-12-28");
INSERT INTO Emprunt VALUES ("978-8832957402",343215006324,"2023-02-22");
INSERT INTO Emprunt VALUES ("978-2371270060",876961043218,"2023-02-16");
INSERT INTO Emprunt VALUES ("000-0000000097",262749914277,"2023-02-15");
INSERT INTO Emprunt VALUES ("978-2072487958",756528532423,"2023-02-17");
INSERT INTO Emprunt VALUES ("978-0321635747",805576947727,"2022-11-13");
INSERT INTO Emprunt VALUES ("978-0201615869",619214665623,"2022-11-02");
INSERT INTO Emprunt VALUES ("978-0547728247",997662825959,"2023-02-27");
INSERT INTO Emprunt VALUES ("978-2092532195",376529583865,"2023-02-10");
INSERT INTO Emprunt VALUES ("978-2330068349",594593467215,"2022-11-13");
INSERT INTO Emprunt VALUES ("978-0881844221",871157811283,"2023-01-14");
